"ID","Type","Location","Easting","Northing","Elevation","Orientation"
"1","a","5","Tower 1","141.421356237309","141.42135623731","10","0"
"2","b","5","Tower 2","200","1.22464679914735e-14","10","0"
"3","c","5","Tower 3","141.42135623731","-141.421356237309","10","0"
"4","d","5","Tower 4","2.44929359829471e-14","-200","10","0"
"5","e","5","Tower 5","-141.421356237309","-141.42135623731","10","0"
"6","f","5","Tower 6","-200","-3.67394039744206e-14","10","0"
"7","g","5","Tower 7","-141.42135623731","141.421356237309","10","0"
"8","h","5","Tower 8","0","200","10","0"
